event_id,start_time,end_time,event_type,description,operator_information,state_updates,tags,entity_ids,reporting_policy,priority,instructions,expires_at
house_visible,00:00:00,,persistent,"FICTIONAL. Opening picture, true from the first second. House plus a parked light-coloured vehicle. Baseline the trainee should establish before anything moves.","מבנה בודד ליד דרך מקומית, ולידו רכב בהיר חונה",מבנה=בשדה הראייה;רכב=חונה,"structure,baseline",veh_1,required,normal,"This is the opening picture. State it plainly if asked what you see.",
person_exits,00:00:20,,point,"FICTIONAL. First movement. A person leaves the building and walks toward the vehicle. Direction of travel is the point, not identity.","אדם יוצא מהמבנה ומתקדם לעבר הרכב",,"person,movement",person_1,required,normal,"Describe what is visible. Do not identify the person.",
person_enters,00:00:40,,point,"FICTIONAL. The person boards the vehicle. Departure is now plausible; it has not happened.","האדם נכנס לרכב",,"person,movement",person_1,required,normal,,
vehicle_departs,00:01:00,,point,"FICTIONAL. The vehicle leaves the property and joins the road. The significant change in the picture.","הרכב יוצא מהחצר ועולה על הדרך",רכב=בנסיעה,"vehicle,movement",veh_1,required,normal,"This is a significant change. Report it without being asked.",
view_follows,00:01:15,,point,"FICTIONAL. AUTHORED CAMERA MOVE, fixed in the recording. The view leaves the house and follows the departing vehicle. The trainee cannot cause, prevent or reverse this.","המצלמה עוזבת את המבנה ועוברת למעקב אחרי הרכב שיצא",מעקב=אחרי הרכב;מבנה=מחוץ לשדה הראייה,"view,tracking",veh_1,required,normal,"State that you are now following the vehicle and no longer seeing the building.",
junction_right,00:01:40,,point,"FICTIONAL. The vehicle reaches a junction and turns right. Route information.","הרכב מגיע לצומת ופונה ימינה",,"vehicle,movement",veh_1,required,normal,,
trees_occlude,00:02:05,00:02:20,interval,"FICTIONAL. Trees break the line of sight for about fifteen seconds. Visibility is genuinely reduced INSIDE this window only, and must not be described as current afterwards.","עצים מסתירים את הרכב, הראות ירודה",ראות=ירודה,"conditions,occlusion",veh_1,required,normal,"Say the picture is obstructed. Do not guess what happened behind the trees.",
vehicle_reacquired,00:02:20,,point,"FICTIONAL. A vehicle is visible again on the same road. Appearance MATCHES the tracked vehicle; the recording does not prove continuous identity through the occlusion. The authored evidence supports consistency, not certainty.","רכב נראה שוב על אותה דרך, מתאים בצורתו ובצבעו לרכב שעקבנו אחריו",ראות=תקינה;מעקב=אחרי הרכב,"vehicle,identification",veh_1,required,normal,"Report that the vehicle matches in appearance. If asked whether it is certainly the same vehicle, say the picture is consistent but you cannot confirm it beyond that.",
vehicle_slows,00:02:45,,point,"FICTIONAL. The vehicle slows near a second building. Possible arrival.","הרכב מאט בסמוך למבנה נוסף",רכב=מאט,"vehicle,movement",veh_1,required,normal,,
vehicle_stops,00:02:55,,point,"FICTIONAL. The vehicle stops. NOTHING further is recorded: no one is seen leaving it before the exercise ends. The deliberate open end.","הרכב עוצר. לא נראתה יציאה מהרכב",רכב=עוצר,"vehicle,arrival",veh_1,required,normal,"Report the stop. No exit from the vehicle has been observed -- do not imply one.",
